-- phpMyAdmin SQL Dump
-- version 4.3.8
-- http://www.phpmyadmin.net
--
-- Host: localhost
-- Generation Time: Sep 27, 2016 at 10:39 PM
-- Server version: 5.5.51-38.2
-- PHP Version: 5.4.31

SET SQL_MODE = "NO_AUTO_VALUE_ON_ZERO";
SET time_zone = "+00:00";


/*!40101 SET @OLD_CHARACTER_SET_CLIENT=@@CHARACTER_SET_CLIENT */;
/*!40101 SET @OLD_CHARACTER_SET_RESULTS=@@CHARACTER_SET_RESULTS */;
/*!40101 SET @OLD_COLLATION_CONNECTION=@@COLLATION_CONNECTION */;
/*!40101 SET NAMES utf8 */;

--
-- Database: `evaluati_InstructorEvaluation`
--

-- --------------------------------------------------------

--
-- Table structure for table `evaluationAnswers`
--

CREATE TABLE IF NOT EXISTS `evaluationAnswers` (
  `instanceID` int(10) NOT NULL,
  `evaluationID` int(11) NOT NULL,
  `questionID` int(11) NOT NULL,
  `multipleChoiceOption` tinyint(1) NOT NULL,
  `textAnswer` varchar(2000) COLLATE utf8_unicode_ci NOT NULL
) ENGINE=InnoDB DEFAULT CHARSET=utf8 COLLATE=utf8_unicode_ci;

--
-- Dumping data for table `evaluationAnswers`
--

INSERT INTO `evaluationAnswers` (`instanceID`, `evaluationID`, `questionID`, `multipleChoiceOption`, `textAnswer`) VALUES
(23, 8, 1, 1, ''),
(23, 8, 2, 1, ''),
(23, 8, 3, 1, ''),
(23, 8, 4, 1, ''),
(23, 8, 5, 1, ''),
(23, 8, 6, 1, ''),
(23, 8, 7, 1, ''),
(23, 8, 8, 1, ''),
(23, 8, 9, 1, ''),
(23, 8, 10, 1, ''),
(23, 8, 11, 1, ''),
(23, 8, 12, 1, ''),
(23, 8, 13, 0, 'ok '),
(23, 8, 14, 0, 'note'),
(23, 8, 15, 0, '3rd note'),
(25, 10, 1, 1, ''),
(25, 10, 2, 1, ''),
(25, 10, 3, 1, ''),
(25, 10, 4, 1, ''),
(25, 10, 5, 1, ''),
(25, 10, 6, 1, ''),
(25, 10, 7, 1, ''),
(25, 10, 8, 1, ''),
(25, 10, 9, 1, ''),
(25, 10, 10, 1, ''),
(25, 10, 11, 1, ''),
(25, 10, 12, 1, ''),
(25, 10, 13, 0, 'asdf'),
(25, 10, 14, 0, 'asdf'),
(25, 10, 15, 0, 'asdf'),
(26, 10, 1, 1, ''),
(26, 10, 2, 1, ''),
(26, 10, 3, 1, ''),
(26, 10, 4, 1, ''),
(26, 10, 5, 1, ''),
(26, 10, 6, 1, ''),
(26, 10, 7, 1, ''),
(26, 10, 8, 1, ''),
(26, 10, 9, 1, ''),
(26, 10, 10, 1, ''),
(26, 10, 11, 1, ''),
(26, 10, 12, 1, ''),
(26, 10, 13, 0, 'cool'),
(26, 10, 14, 0, 'neat'),
(26, 10, 15, 0, 'awesome'),
(31, 10, 1, 1, ''),
(31, 10, 2, 1, ''),
(31, 10, 3, 1, ''),
(31, 10, 4, 1, ''),
(31, 10, 5, 1, ''),
(31, 10, 6, 1, ''),
(31, 10, 7, 1, ''),
(31, 10, 8, 1, ''),
(31, 10, 9, 1, ''),
(31, 10, 10, 1, ''),
(31, 10, 11, 1, ''),
(31, 10, 12, 1, ''),
(31, 10, 13, 0, 'N/A'),
(31, 10, 14, 0, 'Very knowledgeable in the subject matter in all classes he teaches.  Very helpful to anyone who asks a question.  Very fair.'),
(31, 10, 15, 0, 'The class material (Meteor) sucks.  Not his weakness.'),
(32, 10, 1, 2, ''),
(32, 10, 2, 2, ''),
(32, 10, 3, 2, ''),
(32, 10, 4, 2, ''),
(32, 10, 5, 3, ''),
(32, 10, 6, 1, ''),
(32, 10, 7, 1, ''),
(32, 10, 8, 2, ''),
(32, 10, 9, 3, ''),
(32, 10, 10, 3, ''),
(32, 10, 11, 1, ''),
(32, 10, 12, 2, ''),
(32, 10, 13, 0, 'N/A'),
(32, 10, 14, 0, 'Extra reading, engaging discussions'),
(32, 10, 15, 0, 'long-term preparation'),
(33, 10, 1, 2, ''),
(33, 10, 2, 1, ''),
(33, 10, 3, 1, ''),
(33, 10, 4, 1, ''),
(33, 10, 5, 1, ''),
(33, 10, 6, 1, ''),
(33, 10, 7, 1, ''),
(33, 10, 8, 2, ''),
(33, 10, 9, 1, ''),
(33, 10, 10, 1, ''),
(33, 10, 11, 1, ''),
(33, 10, 12, 1, ''),
(33, 10, 13, 0, 'n/a'),
(33, 10, 14, 0, 'He always provides good examples and always helps you out when you need it.  Whether that be during his office hours, in class, or even just via email.'),
(33, 10, 15, 0, 'The fact that teaching a hybrid bachelors class is difficult.'),
(30, 10, 1, 1, ''),
(30, 10, 2, 2, ''),
(30, 10, 3, 1, ''),
(30, 10, 4, 3, ''),
(30, 10, 5, 2, ''),
(30, 10, 6, 1, ''),
(30, 10, 7, 1, ''),
(30, 10, 8, 2, ''),
(30, 10, 9, 1, ''),
(30, 10, 10, 2, ''),
(30, 10, 11, 1, ''),
(30, 10, 12, 1, ''),
(30, 10, 13, 0, 'N/A'),
(30, 10, 14, 0, 'Email response time, hands-on practice with learning material'),
(30, 10, 15, 0, 'Sometimes unclear instructions on homework'),
(34, 10, 1, 2, ''),
(34, 10, 2, 1, ''),
(34, 10, 3, 1, ''),
(34, 10, 4, 2, ''),
(34, 10, 5, 1, ''),
(34, 10, 6, 1, ''),
(34, 10, 7, 1, ''),
(34, 10, 8, 1, ''),
(34, 10, 9, 1, ''),
(34, 10, 10, 2, ''),
(34, 10, 11, 1, ''),
(34, 10, 12, 1, ''),
(34, 10, 13, 0, 'N/A'),
(34, 10, 14, 0, 'I really like how the instructor is helpful when you go to his office hours. I like how the instructor provides videos on topics that are confusing. '),
(34, 10, 15, 0, 'none'),
(36, 10, 1, 1, ''),
(36, 10, 2, 1, ''),
(36, 10, 3, 1, ''),
(36, 10, 4, 2, ''),
(36, 10, 5, 3, ''),
(36, 10, 6, 1, ''),
(36, 10, 7, 1, ''),
(36, 10, 8, 2, ''),
(36, 10, 9, 2, ''),
(36, 10, 10, 3, ''),
(36, 10, 11, 1, ''),
(36, 10, 12, 2, ''),
(36, 10, 13, 0, 'No comment'),
(36, 10, 14, 0, 'Enthusiasm for the topic.'),
(36, 10, 15, 0, 'Sometimes does not immediately update new content.'),
(35, 10, 1, 1, ''),
(35, 10, 2, 1, ''),
(35, 10, 3, 1, ''),
(35, 10, 4, 2, ''),
(35, 10, 5, 1, ''),
(35, 10, 6, 1, ''),
(35, 10, 7, 1, ''),
(35, 10, 8, 1, ''),
(35, 10, 9, 1, ''),
(35, 10, 10, 1, ''),
(35, 10, 11, 1, ''),
(35, 10, 12, 1, ''),
(35, 10, 13, 0, 'The course was new and it was very challenging to teach it but Josh was always prepared and had good examples to follow. '),
(35, 10, 14, 0, 'He was able to transfer the concepts and was willing to help. '),
(35, 10, 15, 0, 'The instructor wasn''t weak but the resources for this course was limited and the project we started was challenging to follow without having a big picture of final result. '),
(37, 10, 1, 1, ''),
(37, 10, 2, 1, ''),
(37, 10, 3, 1, ''),
(37, 10, 4, 2, ''),
(37, 10, 5, 2, ''),
(37, 10, 6, 1, ''),
(37, 10, 7, 1, ''),
(37, 10, 8, 1, ''),
(37, 10, 9, 1, ''),
(37, 10, 10, 2, ''),
(37, 10, 11, 1, ''),
(37, 10, 12, 2, ''),
(37, 10, 13, 0, 'N/A'),
(37, 10, 14, 0, 'is willing to help with any issues or problems we may have '),
(37, 10, 15, 0, 'better response time when emailed. '),
(42, 10, 1, 1, ''),
(42, 10, 2, 1, ''),
(42, 10, 3, 1, ''),
(42, 10, 4, 1, ''),
(42, 10, 5, 1, ''),
(42, 10, 6, 1, ''),
(42, 10, 7, 1, ''),
(42, 10, 8, 1, ''),
(42, 10, 9, 1, ''),
(42, 10, 10, 1, ''),
(42, 10, 11, 1, ''),
(42, 10, 12, 1, ''),
(42, 10, 13, 0, 'Almost always and often, is not clear.'),
(42, 10, 14, 0, 'Good instructor'),
(42, 10, 15, 0, 'None'),
(40, 10, 1, 1, ''),
(40, 10, 2, 1, ''),
(40, 10, 3, 1, ''),
(40, 10, 4, 3, ''),
(40, 10, 5, 2, ''),
(40, 10, 6, 1, ''),
(40, 10, 7, 1, ''),
(40, 10, 8, 1, ''),
(40, 10, 9, 1, ''),
(40, 10, 10, 2, ''),
(40, 10, 11, 1, ''),
(40, 10, 12, 1, ''),
(40, 10, 13, 0, 'None'),
(40, 10, 14, 0, 'well prepared'),
(40, 10, 15, 0, 'too fast\r\nbad hand writing'),
(39, 10, 1, 2, ''),
(39, 10, 2, 1, ''),
(39, 10, 3, 2, ''),
(39, 10, 4, 2, ''),
(39, 10, 5, 2, ''),
(39, 10, 6, 1, ''),
(39, 10, 7, 1, ''),
(39, 10, 8, 1, ''),
(39, 10, 9, 1, ''),
(39, 10, 10, 1, ''),
(39, 10, 11, 1, ''),
(39, 10, 12, 1, ''),
(39, 10, 13, 0, 'N/A'),
(39, 10, 14, 0, 'You are an awesome teacher Josh Keep it up!'),
(39, 10, 15, 0, 'More challenging Assignments  would make this class perfect in my opinion. '),
(41, 10, 1, 3, ''),
(41, 10, 2, 5, ''),
(41, 10, 3, 4, ''),
(41, 10, 4, 5, ''),
(41, 10, 5, 5, ''),
(41, 10, 6, 3, ''),
(41, 10, 7, 1, ''),
(41, 10, 8, 3, ''),
(41, 10, 9, 5, ''),
(41, 10, 10, 5, ''),
(41, 10, 11, 3, ''),
(41, 10, 12, 4, ''),
(41, 10, 13, 0, 'Not using videos. Book is out of date. Get lost easily and no tools to get unstuck.'),
(41, 10, 14, 0, 'Willingness to fail in front of students'),
(41, 10, 15, 0, 'Doesn''t know content and only supports learners that get knowledge from book.\r\n\r\nMakes us feel stupid for not memorizing things from book that do not make sense.'),
(43, 10, 1, 3, ''),
(43, 10, 2, 4, ''),
(43, 10, 3, 2, ''),
(43, 10, 4, 5, ''),
(43, 10, 5, 5, ''),
(43, 10, 6, 3, ''),
(43, 10, 7, 1, ''),
(43, 10, 8, 3, ''),
(43, 10, 9, 4, ''),
(43, 10, 10, 3, ''),
(43, 10, 11, 3, ''),
(43, 10, 12, 5, ''),
(43, 10, 13, 0, 'Would have benefited more if lecture was recorded and we did exercises as pairs in class to get experience. At home reading is confusing and normally have to troubleshoot trial and error to figure out what is going on.  No PowerPoint also makes it hard to remember later when trying to apply knowledge.  Instructor does not grade quickly on milestones. No syllabus makes it impossible to pace learning and sometimes there was an expectation to have read/know something not assigned.\r\n\r\nI am not learning JavaScript I''m learning new frameworks suck and getting frustrated on what to do and how to do it.'),
(43, 10, 14, 0, 'He tries to work through Meteor before class.'),
(43, 10, 15, 0, 'Not enough learning outside of classroom and not enough in class opportunities to pair program or work with Josh to get unstuck in class since he does not respond to discussion form.'),
(44, 10, 1, 2, ''),
(44, 10, 2, 2, ''),
(44, 10, 3, 3, ''),
(44, 10, 4, 5, ''),
(44, 10, 5, 5, ''),
(44, 10, 6, 3, ''),
(44, 10, 7, 2, ''),
(44, 10, 8, 3, ''),
(44, 10, 9, 3, ''),
(44, 10, 10, 5, ''),
(44, 10, 11, 4, ''),
(44, 10, 12, 5, ''),
(44, 10, 13, 0, 'The instructor is slow to respond to any communication outside of class and his responses are rarely helpful.  When the instructor does ask for questions he will quickly say that if you don''t ask anything he will assume you understand the material without time to formulate a question in between.  There has been no syllabus for this class, so I have no way to know what''s coming '),
(44, 10, 14, 0, 'He tries to prepare for class. '),
(44, 10, 15, 0, 'The instructor does not know how to teach.   He doesn''t seem to be aware of the existence of multiple learning styles, much less how to teach to them.   I have heard many of my classmates saying that they are just going to go get a job at McDonalds or Fred Meyer because of this class. '),
(46, 11, 1, 1, ''),
(46, 11, 2, 1, ''),
(46, 11, 3, 1, ''),
(46, 11, 4, 1, ''),
(46, 11, 5, 2, ''),
(46, 11, 6, 2, ''),
(46, 11, 7, 1, ''),
(46, 11, 8, 1, ''),
(46, 11, 9, 1, ''),
(46, 11, 10, 1, ''),
(46, 11, 11, 1, ''),
(46, 11, 12, 1, ''),
(46, 11, 13, 0, 'N/a'),
(46, 11, 14, 0, 'N/a'),
(46, 11, 15, 0, 'n/a'),
(45, 11, 1, 1, ''),
(45, 11, 2, 1, ''),
(45, 11, 3, 1, ''),
(45, 11, 4, 1, ''),
(45, 11, 5, 1, ''),
(45, 11, 6, 1, ''),
(45, 11, 7, 1, ''),
(45, 11, 8, 1, ''),
(45, 11, 9, 1, ''),
(45, 11, 10, 1, ''),
(45, 11, 11, 1, ''),
(45, 11, 12, 1, ''),
(45, 11, 13, 0, 'N/A'),
(45, 11, 14, 0, 'Tough'),
(45, 11, 15, 0, 'Tough'),
(54, 11, 1, 1, ''),
(54, 11, 2, 1, ''),
(54, 11, 3, 1, ''),
(54, 11, 4, 1, ''),
(54, 11, 5, 1, ''),
(54, 11, 6, 1, ''),
(54, 11, 7, 1, ''),
(54, 11, 8, 1, ''),
(54, 11, 9, 1, ''),
(54, 11, 10, 1, ''),
(54, 11, 11, 1, ''),
(54, 11, 12, 1, ''),
(54, 11, 13, 0, 'No one'),
(54, 11, 14, 0, 'Challenging, well prepared and worry about student''s success'),
(54, 11, 15, 0, 'No one'),
(53, 11, 1, 1, ''),
(53, 11, 2, 2, ''),
(53, 11, 3, 2, ''),
(53, 11, 4, 2, ''),
(53, 11, 5, 2, ''),
(53, 11, 6, 2, ''),
(53, 11, 7, 2, ''),
(53, 11, 8, 2, ''),
(53, 11, 9, 2, ''),
(53, 11, 10, 2, ''),
(53, 11, 11, 2, ''),
(53, 11, 12, 2, ''),
(53, 11, 13, 0, 'None'),
(53, 11, 14, 0, 'Nothing special'),
(53, 11, 15, 0, 'Nothing'),
(48, 11, 1, 3, ''),
(48, 11, 2, 2, ''),
(48, 11, 3, 3, ''),
(48, 11, 4, 3, ''),
(48, 11, 5, 5, ''),
(48, 11, 6, 3, ''),
(48, 11, 7, 1, ''),
(48, 11, 8, 2, ''),
(48, 11, 9, 2, ''),
(48, 11, 10, 5, ''),
(48, 11, 11, 5, ''),
(48, 11, 12, 5, ''),
(48, 11, 13, 0, ''),
(48, 11, 14, 0, 'none'),
(48, 11, 15, 0, 'no patience'),
(50, 11, 1, 1, ''),
(50, 11, 2, 1, ''),
(50, 11, 3, 1, ''),
(50, 11, 4, 1, ''),
(50, 11, 5, 1, ''),
(50, 11, 6, 1, ''),
(50, 11, 7, 1, ''),
(50, 11, 8, 1, ''),
(50, 11, 9, 1, ''),
(50, 11, 10, 1, ''),
(50, 11, 11, 1, ''),
(50, 11, 12, 1, ''),
(50, 11, 13, 0, 'N/A'),
(50, 11, 14, 0, 'N/A'),
(50, 11, 15, 0, 'N/A'),
(51, 11, 1, 1, ''),
(51, 11, 2, 1, ''),
(51, 11, 3, 1, ''),
(51, 11, 4, 1, ''),
(51, 11, 5, 1, ''),
(51, 11, 6, 1, ''),
(51, 11, 7, 1, ''),
(51, 11, 8, 1, ''),
(51, 11, 9, 1, ''),
(51, 11, 10, 1, ''),
(51, 11, 11, 1, ''),
(51, 11, 12, 1, ''),
(51, 11, 13, 0, 'I didn''t answer any ''rarely'' or any ''almost never'''),
(51, 11, 14, 0, 'Teaching'),
(51, 11, 15, 0, 'driving'),
(63, 11, 1, 3, ''),
(63, 11, 2, 1, ''),
(63, 11, 3, 4, ''),
(63, 11, 4, 4, ''),
(63, 11, 5, 5, ''),
(63, 11, 6, 1, ''),
(63, 11, 7, 1, ''),
(63, 11, 8, 1, ''),
(63, 11, 9, 1, ''),
(63, 11, 10, 5, ''),
(63, 11, 11, 1, ''),
(63, 11, 12, 1, ''),
(63, 11, 13, 0, 'na'),
(63, 11, 14, 0, 'na'),
(63, 11, 15, 0, 'na'),
(47, 11, 1, 2, ''),
(47, 11, 2, 1, ''),
(47, 11, 3, 2, ''),
(47, 11, 4, 2, ''),
(47, 11, 5, 2, ''),
(47, 11, 6, 1, ''),
(47, 11, 7, 1, ''),
(47, 11, 8, 1, ''),
(47, 11, 9, 2, ''),
(47, 11, 10, 3, ''),
(47, 11, 11, 1, ''),
(47, 11, 12, 3, ''),
(47, 11, 13, 0, 'N/A'),
(47, 11, 14, 0, 'improvement and commitment in working with students to help with understanding the course and assignment'),
(47, 11, 15, 0, 'clarity in some parts of the lessons and occasionally make assignments description more confusing and challenging'),
(61, 11, 1, 1, ''),
(61, 11, 2, 1, ''),
(61, 11, 3, 2, ''),
(61, 11, 4, 2, ''),
(61, 11, 5, 1, ''),
(61, 11, 6, 1, ''),
(61, 11, 7, 1, ''),
(61, 11, 8, 1, ''),
(61, 11, 9, 1, ''),
(61, 11, 10, 1, ''),
(61, 11, 11, 1, ''),
(61, 11, 12, 3, ''),
(61, 11, 13, 0, 'I didn''t but apparently this field is required'),
(61, 11, 14, 0, 'people skills'),
(61, 11, 15, 0, 'flexibility.'),
(52, 11, 1, 1, ''),
(52, 11, 2, 2, ''),
(52, 11, 3, 2, ''),
(52, 11, 4, 3, ''),
(52, 11, 5, 3, ''),
(52, 11, 6, 1, ''),
(52, 11, 7, 1, ''),
(52, 11, 8, 1, ''),
(52, 11, 9, 1, ''),
(52, 11, 10, 1, ''),
(52, 11, 11, 1, ''),
(52, 11, 12, 1, ''),
(52, 11, 13, 0, 'N/A'),
(52, 11, 14, 0, 'Great instructor! She knows what she is talking about and can answer any type of question!'),
(52, 11, 15, 0, 'Sometimes instructions on assignments can be unclear and you could be guessing at what the right answer could be.'),
(59, 11, 1, 3, ''),
(59, 11, 2, 3, ''),
(59, 11, 3, 3, ''),
(59, 11, 4, 3, ''),
(59, 11, 5, 3, ''),
(59, 11, 6, 3, ''),
(59, 11, 7, 3, ''),
(59, 11, 8, 3, ''),
(59, 11, 9, 3, ''),
(59, 11, 10, 3, ''),
(59, 11, 11, 3, ''),
(59, 11, 12, 3, ''),
(59, 11, 13, 0, 'na'),
(59, 11, 14, 0, 'na'),
(59, 11, 15, 0, 'na'),
(56, 11, 1, 1, ''),
(56, 11, 2, 1, ''),
(56, 11, 3, 1, ''),
(56, 11, 4, 1, ''),
(56, 11, 5, 1, ''),
(56, 11, 6, 1, ''),
(56, 11, 7, 1, ''),
(56, 11, 8, 1, ''),
(56, 11, 9, 1, ''),
(56, 11, 10, 1, ''),
(56, 11, 11, 1, ''),
(56, 11, 12, 1, ''),
(56, 11, 13, 0, 'N/A'),
(56, 11, 14, 0, 'Very easy going and always has time to help students with any problems they might have with homework or material '),
(56, 11, 15, 0, 'None for this class'),
(62, 11, 1, 1, ''),
(62, 11, 2, 2, ''),
(62, 11, 3, 3, ''),
(62, 11, 4, 5, ''),
(62, 11, 5, 4, ''),
(62, 11, 6, 2, ''),
(62, 11, 7, 1, ''),
(62, 11, 8, 2, ''),
(62, 11, 9, 3, ''),
(62, 11, 10, 4, ''),
(62, 11, 11, 5, ''),
(62, 11, 12, 4, ''),
(62, 11, 13, 0, 'a'),
(62, 11, 14, 0, 'b'),
(62, 11, 15, 0, 'c'),
(58, 11, 1, 3, ''),
(58, 11, 2, 2, ''),
(58, 11, 3, 1, ''),
(58, 11, 4, 2, ''),
(58, 11, 5, 3, ''),
(58, 11, 6, 4, ''),
(58, 11, 7, 5, ''),
(58, 11, 8, 4, ''),
(58, 11, 9, 3, ''),
(58, 11, 10, 2, ''),
(58, 11, 11, 1, ''),
(58, 11, 12, 2, ''),
(58, 11, 13, 0, 'i drew a pretty pattern... ;P'),
(58, 11, 14, 0, 'bench press?'),
(58, 11, 15, 0, 'power cleans?'),
(55, 11, 1, 1, ''),
(55, 11, 2, 2, ''),
(55, 11, 3, 1, ''),
(55, 11, 4, 1, ''),
(55, 11, 5, 1, ''),
(55, 11, 6, 1, ''),
(55, 11, 7, 1, ''),
(55, 11, 8, 1, ''),
(55, 11, 9, 1, ''),
(55, 11, 10, 1, ''),
(55, 11, 11, 1, ''),
(55, 11, 12, 1, ''),
(55, 11, 13, 0, 'None.'),
(55, 11, 14, 0, 'Tina explains the material very well. Tina also allowed for an appropriate amount of time to practice the material and retain it a lot better.'),
(55, 11, 15, 0, 'Kryptonite.'),
(57, 11, 1, 2, ''),
(57, 11, 2, 1, ''),
(57, 11, 3, 1, ''),
(57, 11, 4, 1, ''),
(57, 11, 5, 1, ''),
(57, 11, 6, 1, ''),
(57, 11, 7, 1, ''),
(57, 11, 8, 2, ''),
(57, 11, 9, 1, ''),
(57, 11, 10, 1, ''),
(57, 11, 11, 1, ''),
(57, 11, 12, 2, ''),
(57, 11, 13, 0, 'Non'),
(57, 11, 14, 0, 'She has the ability to delver the information with easy way to the student and make the class very interesting. '),
(57, 11, 15, 0, 'non'),
(60, 11, 1, 1, ''),
(60, 11, 2, 2, ''),
(60, 11, 3, 2, ''),
(60, 11, 4, 2, ''),
(60, 11, 5, 2, ''),
(60, 11, 6, 2, ''),
(60, 11, 7, 2, ''),
(60, 11, 8, 2, ''),
(60, 11, 9, 1, ''),
(60, 11, 10, 1, ''),
(60, 11, 11, 1, ''),
(60, 11, 12, 2, ''),
(60, 11, 13, 0, 'no comment'),
(60, 11, 14, 0, 'she explain almost every thing through the class time, so that make me understand the text book when I read it after class. '),
(60, 11, 15, 0, 'Do not give the time to understand the question. spicily my English is my second language. '),
(64, 11, 1, 1, ''),
(64, 11, 2, 1, ''),
(64, 11, 3, 1, ''),
(64, 11, 4, 2, ''),
(64, 11, 5, 5, ''),
(64, 11, 6, 2, ''),
(64, 11, 7, 1, ''),
(64, 11, 8, 1, ''),
(64, 11, 9, 1, ''),
(64, 11, 10, 4, ''),
(64, 11, 11, 1, ''),
(64, 11, 12, 1, ''),
(64, 11, 13, 0, 'The instructor did not provide timely and helpful feedback regarding my progress '),
(64, 11, 14, 0, 'i do not know'),
(64, 11, 15, 0, 'no'),
(65, 12, 1, 1, ''),
(65, 12, 2, 1, ''),
(65, 12, 3, 1, ''),
(65, 12, 4, 1, ''),
(65, 12, 5, 1, ''),
(65, 12, 6, 1, ''),
(65, 12, 7, 1, ''),
(65, 12, 8, 1, ''),
(65, 12, 9, 1, ''),
(65, 12, 10, 1, ''),
(65, 12, 11, 1, ''),
(65, 12, 12, 1, ''),
(65, 12, 13, 0, 'N/A'),
(65, 12, 14, 0, 'Knowledgeable on the course matter.  Very helpful when you have questions.  Very fair.'),
(65, 12, 15, 0, 'I don''t know.'),
(71, 12, 1, 1, ''),
(71, 12, 2, 1, ''),
(71, 12, 3, 1, ''),
(71, 12, 4, 1, ''),
(71, 12, 5, 1, ''),
(71, 12, 6, 1, ''),
(71, 12, 7, 1, ''),
(71, 12, 8, 1, ''),
(71, 12, 9, 1, ''),
(71, 12, 10, 1, ''),
(71, 12, 11, 1, ''),
(71, 12, 12, 1, ''),
(71, 12, 13, 0, 'n/a'),
(71, 12, 14, 0, 'He knows the subject very well and is able to keep up the pace. He is organized and manages his time very well'),
(71, 12, 15, 0, 'n/a'),
(72, 12, 1, 2, ''),
(72, 12, 2, 1, ''),
(72, 12, 3, 1, ''),
(72, 12, 4, 2, ''),
(72, 12, 5, 1, ''),
(72, 12, 6, 1, ''),
(72, 12, 7, 1, ''),
(72, 12, 8, 1, ''),
(72, 12, 9, 1, ''),
(72, 12, 10, 1, ''),
(72, 12, 11, 1, ''),
(72, 12, 12, 2, ''),
(72, 12, 13, 0, 'N/A'),
(72, 12, 14, 0, 'Instructor provides examples, videos related to homework.  '),
(72, 12, 15, 0, 'none'),
(75, 12, 1, 2, ''),
(75, 12, 2, 1, ''),
(75, 12, 3, 1, ''),
(75, 12, 4, 2, ''),
(75, 12, 5, 2, ''),
(75, 12, 6, 1, ''),
(75, 12, 7, 1, ''),
(75, 12, 8, 1, ''),
(75, 12, 9, 1, ''),
(75, 12, 10, 1, ''),
(75, 12, 11, 1, ''),
(75, 12, 12, 1, ''),
(75, 12, 13, 0, 'n/a'),
(75, 12, 14, 0, 'The videos are very helpfull'),
(75, 12, 15, 0, 'sometimes assignment directions seem vague'),
(69, 12, 1, 2, ''),
(69, 12, 2, 1, ''),
(69, 12, 3, 1, ''),
(69, 12, 4, 1, ''),
(69, 12, 5, 1, ''),
(69, 12, 6, 1, ''),
(69, 12, 7, 1, ''),
(69, 12, 8, 2, ''),
(69, 12, 9, 1, ''),
(69, 12, 10, 2, ''),
(69, 12, 11, 1, ''),
(69, 12, 12, 1, ''),
(69, 12, 13, 0, 'N/A'),
(69, 12, 14, 0, 'Understanding the material, applying the material to future work, making known the usefulness of the material'),
(69, 12, 15, 0, 'His notes sometimes seem a bit disorganized'),
(77, 12, 1, 1, ''),
(77, 12, 2, 1, ''),
(77, 12, 3, 1, ''),
(77, 12, 4, 1, ''),
(77, 12, 5, 1, ''),
(77, 12, 6, 1, ''),
(77, 12, 7, 1, ''),
(77, 12, 8, 2, ''),
(77, 12, 9, 1, ''),
(77, 12, 10, 1, ''),
(77, 12, 11, 1, ''),
(77, 12, 12, 1, ''),
(77, 12, 13, 0, 'n/a'),
(77, 12, 14, 0, 'This instructor is always willing to help you as much as possible'),
(77, 12, 15, 0, 'The only thing he might have an issue is with having enough time to get everything done that he needs to get done.'),
(76, 12, 1, 1, ''),
(76, 12, 2, 1, ''),
(76, 12, 3, 1, ''),
(76, 12, 4, 1, ''),
(76, 12, 5, 1, ''),
(76, 12, 6, 1, ''),
(76, 12, 7, 1, ''),
(76, 12, 8, 1, ''),
(76, 12, 9, 1, ''),
(76, 12, 10, 1, ''),
(76, 12, 11, 1, ''),
(76, 12, 12, 1, ''),
(76, 12, 13, 0, 'N/A'),
(76, 12, 14, 0, 'Josh you are an amazing teacher one of the best Ive had, Keep it up.'),
(76, 12, 15, 0, 'The Book was to hard for me to read. It got to the point where I would not read the chapter because I would fear of wasting time from not understanding the material after reading for a hour or so. '),
(74, 12, 1, 1, ''),
(74, 12, 2, 1, ''),
(74, 12, 3, 1, ''),
(74, 12, 4, 2, ''),
(74, 12, 5, 2, ''),
(74, 12, 6, 2, ''),
(74, 12, 7, 1, ''),
(74, 12, 8, 1, ''),
(74, 12, 9, 1, ''),
(74, 12, 10, 2, ''),
(74, 12, 11, 1, ''),
(74, 12, 12, 3, ''),
(74, 12, 13, 0, 'No comment'),
(74, 12, 14, 0, 'He''s interested in the success of his students and allows opportunities to help students succeed in the class to better understand the topic'),
(74, 12, 15, 0, 'Sometimes his responses may be slow.'),
(73, 12, 1, 1, ''),
(73, 12, 2, 1, ''),
(73, 12, 3, 1, ''),
(73, 12, 4, 1, ''),
(73, 12, 5, 1, ''),
(73, 12, 6, 1, ''),
(73, 12, 7, 1, ''),
(73, 12, 8, 1, ''),
(73, 12, 9, 1, ''),
(73, 12, 10, 1, ''),
(73, 12, 11, 1, ''),
(73, 12, 12, 1, ''),
(73, 12, 13, 0, 'None'),
(73, 12, 14, 0, 'Good lecturer, is a funny guy and the lectures are never boring. Is very knowledgable about subject matter.'),
(73, 12, 15, 0, 'None'),
(67, 12, 1, 1, ''),
(67, 12, 2, 1, ''),
(67, 12, 3, 1, ''),
(67, 12, 4, 2, ''),
(67, 12, 5, 2, ''),
(67, 12, 6, 1, ''),
(67, 12, 7, 1, ''),
(67, 12, 8, 2, ''),
(67, 12, 9, 1, ''),
(67, 12, 10, 2, ''),
(67, 12, 11, 1, ''),
(67, 12, 12, 1, ''),
(67, 12, 13, 0, 'n/a'),
(67, 12, 14, 0, 'responds quickly to emails, provides helpful supplementary learning material (videos etc.)'),
(67, 12, 15, 0, 'doesn''t give a lot of feedback on homework'),
(68, 12, 1, 2, ''),
(68, 12, 2, 1, ''),
(68, 12, 3, 1, ''),
(68, 12, 4, 3, ''),
(68, 12, 5, 3, ''),
(68, 12, 6, 2, ''),
(68, 12, 7, 2, ''),
(68, 12, 8, 3, ''),
(68, 12, 9, 2, ''),
(68, 12, 10, 3, ''),
(68, 12, 11, 1, ''),
(68, 12, 12, 3, ''),
(68, 12, 13, 0, 'THIS DOESNT NEED TO BE REQUIRED COME ON!!!!'),
(68, 12, 14, 0, 'He does make good practice tests and tests. He is good at lecturing. He took our feedback from last quarter and is running with it. I feel like he is trying to figure out the whole hybrid class thing and I give him kudos on that. '),
(68, 12, 15, 0, 'Response times and not fully reading emails(sometimes gets to one part in an email and then assumes question to follow. '),
(70, 12, 1, 3, ''),
(70, 12, 2, 2, ''),
(70, 12, 3, 2, ''),
(70, 12, 4, 3, ''),
(70, 12, 5, 5, ''),
(70, 12, 6, 4, ''),
(70, 12, 7, 1, ''),
(70, 12, 8, 2, ''),
(70, 12, 9, 3, ''),
(70, 12, 10, 2, ''),
(70, 12, 11, 2, ''),
(70, 12, 12, 2, ''),
(70, 12, 13, 0, 'Sometimes, I don''t understand the instructions for the assignments. '),
(70, 12, 14, 0, 'I did not see any strengths.'),
(70, 12, 15, 0, 'He helps me every time, but not as much as i needed. '),
(66, 12, 1, 2, ''),
(66, 12, 2, 3, ''),
(66, 12, 3, 3, ''),
(66, 12, 4, 3, ''),
(66, 12, 5, 4, ''),
(66, 12, 6, 3, ''),
(66, 12, 7, 2, ''),
(66, 12, 8, 3, ''),
(66, 12, 9, 3, ''),
(66, 12, 10, 5, ''),
(66, 12, 11, 3, ''),
(66, 12, 12, 5, ''),
(66, 12, 13, 0, 'When stuck and asked questions online teacher didn''t respond. We were expected to come into office hours and for anyone who had difficulty getting to campus that was a huge hinderance to getting unstuck. \r\n\r\nAssignments were not very clear in what was expected for the output and seemed overly complicated and tricking especially on the last question. Often it would take me 4-6 hours to do an assignment or exercise. \r\n\r\n'),
(66, 12, 14, 0, 'He can draw on the board the algorithms'),
(66, 12, 15, 0, 'He relies too heavily on a book that is very confusing reviews of the book online were even negative. I ended up finding videos online and on Lynda that helped make things clearer. I also found interactive guides online that stepped me through the algorithms so it made it easier to understand. However when going through it in class if I got lost I didn''t even know where to ask questions. Often it felt like magic not english.'),
(78, 12, 1, 1, ''),
(78, 12, 2, 1, ''),
(78, 12, 3, 1, ''),
(78, 12, 4, 1, ''),
(78, 12, 5, 1, ''),
(78, 12, 6, 1, ''),
(78, 12, 7, 1, ''),
(78, 12, 8, 1, ''),
(78, 12, 9, 1, ''),
(78, 12, 10, 1, ''),
(78, 12, 11, 1, ''),
(78, 12, 12, 1, ''),
(78, 12, 13, 0, 'none'),
(78, 12, 14, 0, 'Great at explaining complex concepts in a clear and concise manner. Great sense of humor and willing to be flexible when students are struggling. Great feedback through email and office hours.'),
(78, 12, 15, 0, 'The instructor''s responses to the discussion panel were fairly slow at the beginning of the quarter and therefore were primarily unused for the rest of the quarter. Email responses from the instructor were fairly quick, but only helped the student asking the question. Office hours at one end of the week made assignments due the other end of the week harder to get help.'),
(80, 12, 1, 3, ''),
(80, 12, 2, 3, ''),
(80, 12, 3, 3, ''),
(80, 12, 4, 3, ''),
(80, 12, 5, 3, ''),
(80, 12, 6, 3, ''),
(80, 12, 7, 3, ''),
(80, 12, 8, 3, ''),
(80, 12, 9, 3, ''),
(80, 12, 10, 3, ''),
(80, 12, 11, 3, ''),
(80, 12, 12, 3, ''),
(80, 12, 13, 0, 'So much was trying to be covered and not everyone was on the same level. It can take over a week to get grades back and waiting to know if done correctly was nerve wracking. There were surprises on the Midterm. '),
(80, 12, 14, 0, 'Tries to make videos'),
(80, 12, 15, 0, 'Cannot see the board, handwriting is not very legible. \r\n\r\nAssumes that students know things that we don''t. Makes comments that come across as us being dumb if we don''t know what he expects'),
(82, 12, 1, 3, ''),
(82, 12, 2, 2, ''),
(82, 12, 3, 3, ''),
(82, 12, 4, 4, ''),
(82, 12, 5, 5, ''),
(82, 12, 6, 3, ''),
(82, 12, 7, 3, ''),
(82, 12, 8, 3, ''),
(82, 12, 9, 3, ''),
(82, 12, 10, 5, ''),
(82, 12, 11, 3, ''),
(82, 12, 12, 4, ''),
(82, 12, 13, 0, 'No feedback for assignments was given until several weeks after they were assigned.  The grading of the midterm seemed arbitrary with points taken off for stupid things that had nothing to do with my understanding of the material.'),
(82, 12, 14, 0, 'He seems to know the material.'),
(82, 12, 15, 0, 'He''s not very good a teaching the material.  I am often feel more confused after class than I do before it.'),
(87, 18, 1, 1, ''),
(88, 21, 1, 6, ''),
(88, 21, 2, 6, ''),
(88, 21, 3, 6, ''),
(88, 21, 4, 6, ''),
(88, 21, 5, 6, ''),
(88, 21, 6, 6, ''),
(88, 21, 7, 6, ''),
(88, 21, 8, 6, ''),
(88, 21, 9, 6, ''),
(88, 21, 10, 6, ''),
(88, 21, 11, 6, ''),
(88, 21, 12, 6, ''),
(88, 21, 13, 0, 'This an awesome Evaluation site!'),
(88, 21, 15, 0, 'There are no weaknesses, hail to the Instructor!'),
(89, 21, 13, 0, 'testadshafsdjhlsdfaj'),
(89, 21, 14, 0, 'test input stuff'),
(89, 21, 15, 0, 'very vulgar comment that should be tossed'),
(91, 20, 13, 0, 'test input'),
(91, 20, 14, 0, 'test input dsjksfadklsdjklf'),
(91, 20, 15, 0, 'test input 5555'),
(92, 20, 13, 0, 'testsdfjkfdskjdfskj'),
(92, 20, 14, 0, 'ppppppppppppppp'),
(92, 20, 15, 0, 'pppppppapapapapapappaparappa the rappa'),
(93, 20, 13, 0, 'dag nabbit'),
(93, 20, 14, 0, 'Clearly Solas was right'),
(93, 20, 15, 0, 'Fallout 4 was a disappointment'),
(94, 20, 13, 0, 'iput 1'),
(94, 20, 14, 0, 'i don''t put 2\r\n'),
(95, 20, 15, 0, 'only answering the last one'),
(97, 20, 1, 6, ''),
(97, 20, 2, 6, ''),
(97, 20, 3, 6, ''),
(97, 20, 4, 6, ''),
(97, 20, 5, 6, ''),
(97, 20, 6, 6, ''),
(97, 20, 7, 6, ''),
(97, 20, 8, 6, ''),
(97, 20, 9, 6, ''),
(97, 20, 10, 6, ''),
(97, 20, 11, 6, ''),
(97, 20, 12, 6, ''),
(97, 20, 13, 0, 'i dont know'),
(97, 20, 14, 0, 'i dont know'),
(100, 20, 10, 6, ''),
(101, 22, 1, 1, ''),
(101, 22, 2, 1, ''),
(101, 22, 3, 1, ''),
(101, 22, 4, 1, ''),
(101, 22, 5, 3, ''),
(101, 22, 6, 2, ''),
(101, 22, 7, 1, ''),
(101, 22, 8, 1, ''),
(101, 22, 9, 1, ''),
(101, 22, 10, 1, ''),
(101, 22, 11, 1, ''),
(101, 22, 12, 2, ''),
(101, 22, 13, 0, 'N/A'),
(101, 22, 14, 0, 'Organized, good insight regarding scrum/agile principles'),
(101, 22, 15, 0, 'Can be somewhat vague in assignment descriptions'),
(102, 22, 1, 2, ''),
(102, 22, 2, 1, ''),
(102, 22, 3, 3, ''),
(102, 22, 4, 2, ''),
(102, 22, 5, 2, ''),
(102, 22, 6, 1, ''),
(102, 22, 7, 1, ''),
(102, 22, 8, 1, ''),
(102, 22, 9, 1, ''),
(102, 22, 10, 1, ''),
(102, 22, 11, 1, ''),
(102, 22, 12, 1, ''),
(102, 22, 14, 0, 'I think both Ken and Tina did an amazing job at providing support for conflicts we had with our business team. It was really nice to have someone who would give us advice on things when our teams were butting heads. '),
(102, 22, 15, 0, 'Grading was kind of nit picky sometimes. Like I felt that I had to always point out that I had the materials actually turned in to get the points back. And I couldn''t turn in a retrospective before our presentation anyway. '),
(103, 22, 1, 1, ''),
(103, 22, 2, 1, ''),
(103, 22, 3, 2, ''),
(103, 22, 4, 1, ''),
(103, 22, 5, 1, ''),
(103, 22, 6, 1, ''),
(103, 22, 7, 1, ''),
(103, 22, 8, 1, ''),
(103, 22, 9, 1, ''),
(103, 22, 10, 1, ''),
(103, 22, 11, 1, ''),
(103, 22, 12, 1, ''),
(103, 22, 14, 0, 'Real World Experience.'),
(103, 22, 15, 0, 'none seen'),
(104, 22, 1, 3, ''),
(104, 22, 2, 1, ''),
(104, 22, 3, 2, ''),
(104, 22, 4, 2, ''),
(104, 22, 5, 1, ''),
(104, 22, 6, 2, ''),
(104, 22, 7, 2, ''),
(104, 22, 8, 2, ''),
(104, 22, 9, 1, ''),
(104, 22, 10, 3, ''),
(104, 22, 11, 2, ''),
(104, 22, 12, 2, ''),
(105, 23, 1, 1, ''),
(105, 23, 2, 2, ''),
(105, 23, 3, 1, ''),
(105, 23, 4, 2, ''),
(105, 23, 5, 1, ''),
(105, 23, 6, 1, ''),
(105, 23, 7, 1, ''),
(105, 23, 8, 1, ''),
(105, 23, 9, 1, ''),
(105, 23, 10, 1, ''),
(105, 23, 11, 1, ''),
(105, 23, 12, 1, ''),
(105, 23, 14, 0, 'Both offer different perspectives to the class. These perspectives compliment each other. '),
(107, 23, 1, 2, ''),
(107, 23, 2, 2, ''),
(107, 23, 3, 1, ''),
(107, 23, 4, 2, ''),
(107, 23, 5, 2, ''),
(107, 23, 6, 2, ''),
(107, 23, 7, 1, ''),
(107, 23, 8, 2, ''),
(107, 23, 9, 2, ''),
(107, 23, 10, 2, ''),
(107, 23, 11, 1, ''),
(107, 23, 12, 1, ''),
(107, 23, 14, 0, 'Agile processes and scrum\r\nClarifying assignment instructions\r\nBeing fair in grading policies\r\nProviding feedback at times\r\n'),
(107, 23, 15, 0, 'Difficult to approach for help \r\n\r\n'),
(111, 29, 1, 2, ''),
(111, 29, 2, 2, ''),
(111, 29, 3, 4, ''),
(111, 29, 4, 3, ''),
(111, 29, 5, 4, ''),
(111, 29, 6, 2, ''),
(111, 29, 7, 2, ''),
(111, 29, 8, 3, ''),
(111, 29, 9, 3, ''),
(111, 29, 10, 5, ''),
(111, 29, 11, 2, ''),
(111, 29, 12, 2, ''),
(111, 29, 13, 0, 'Assignments were graded very slowly and some days were just lab days, which for a class that meets once a week isn''t a good choice. Also if a student needs help on something that may apply to more students, show the process on the overhead or board to help them all at once. This will keep from wasting class time.'),
(111, 29, 14, 0, 'Her personality and willingness to help her students. '),
(111, 29, 15, 0, 'Grading speed, if i make a mistake on an assignment that may connect to others, I can not fix it on future assignments if I am not shown in earlier ones.'),
(112, 29, 1, 1, ''),
(112, 29, 2, 1, ''),
(112, 29, 3, 1, ''),
(112, 29, 4, 1, ''),
(112, 29, 5, 1, ''),
(112, 29, 6, 1, ''),
(112, 29, 7, 1, ''),
(112, 29, 8, 2, ''),
(112, 29, 9, 1, ''),
(112, 29, 10, 2, ''),
(112, 29, 11, 1, ''),
(112, 29, 12, 1, ''),
(115, 29, 1, 2, ''),
(115, 29, 2, 1, ''),
(115, 29, 3, 2, ''),
(115, 29, 4, 1, ''),
(115, 29, 5, 2, ''),
(115, 29, 6, 1, ''),
(115, 29, 7, 1, ''),
(115, 29, 8, 1, ''),
(115, 29, 9, 2, ''),
(115, 29, 10, 1, ''),
(115, 29, 11, 1, ''),
(115, 29, 12, 1, ''),
(115, 29, 14, 0, 'She is very helpful and goes out of her way in helping student to exceed class objectives.'),
(118, 29, 1, 1, ''),
(118, 29, 2, 1, ''),
(118, 29, 3, 1, ''),
(118, 29, 4, 3, ''),
(118, 29, 5, 3, ''),
(118, 29, 6, 1, ''),
(118, 29, 7, 1, ''),
(118, 29, 8, 3, ''),
(118, 29, 9, 3, ''),
(118, 29, 10, 4, ''),
(118, 29, 11, 1, ''),
(118, 29, 12, 1, ''),
(118, 29, 13, 0, 'Melissa is very available and helpful; however, the class was rushed and frequently deviated into related items that were beyond the scope of the first-time students. Her training materials were  OK, but I think she needs to be a little more organized and clear in her presentation. I realize that her challenges were in part due to this being her first teaching experience (good teaching is a skill) and the challenge of the short summer quarter and having to cram a lot into a short time. The book and resources she has provided are very good. I often just work form the book, directly and use Melissa for questions I have as I work through the tutorials and lessons. She was consistently significantly behind on grading, which can be a problem if you are needing feedback.'),
(118, 29, 14, 0, 'Very available outside of class. Very available in class, too, but multiple demands on her time limited her ability to help all who needed.\r\nObviously very well versed in her subject. \r\n\r\nShe is great about trying to adjust her teaching process/style/resources when she is aware that students are having trouble.\r\n\r\nVery approachable.'),
(118, 29, 15, 0, 'Needs to refine her teaching materials/presentation/process. Classes were sort of a waste of time as we could ge tmost of what we needed from the book; however, she was a great resource if you had the smarts to do the in-class work before hand and could then listen to and watch her as she expanded on the details. It is generally hard to do the work as you go along with the lecture; better to have it done before hand.\r\nNeeds to be able to get the homework graded in a timely manner so students can get feedback they need.'),
(119, 29, 1, 1, ''),
(119, 29, 2, 1, ''),
(119, 29, 3, 1, ''),
(119, 29, 4, 1, ''),
(119, 29, 5, 2, ''),
(119, 29, 6, 1, ''),
(119, 29, 7, 1, ''),
(119, 29, 8, 1, ''),
(119, 29, 9, 2, ''),
(119, 29, 10, 1, ''),
(119, 29, 11, 1, ''),
(119, 29, 12, 6, ''),
(119, 29, 14, 0, 'Attentive to all students inquiries and questions.'),
(119, 29, 15, 0, 'Limited experience teaching a classroom.  But for a first time, definitely a good job.'),
(116, 29, 1, 1, ''),
(116, 29, 2, 1, ''),
(116, 29, 3, 1, ''),
(116, 29, 4, 1, ''),
(116, 29, 5, 2, ''),
(116, 29, 6, 1, ''),
(116, 29, 7, 1, ''),
(116, 29, 8, 3, ''),
(116, 29, 9, 2, ''),
(116, 29, 10, 3, ''),
(116, 29, 11, 1, ''),
(116, 29, 12, 6, ''),
(116, 29, 14, 0, 'She knows the course and had no issue helping people who were stuck.  '),
(116, 29, 15, 0, 'Grading progress lagged behind.  Sometimes I just wanted the grade to show me where I was at in the class.'),
(127, 34, 1, 2, ''),
(127, 34, 2, 1, ''),
(127, 34, 3, 2, ''),
(127, 34, 4, 2, ''),
(127, 34, 5, 3, ''),
(127, 34, 6, 1, ''),
(127, 34, 7, 1, ''),
(127, 34, 8, 2, ''),
(127, 34, 9, 2, ''),
(127, 34, 10, 2, ''),
(127, 34, 11, 2, ''),
(127, 34, 12, 6, ''),
(129, 30, 1, 2, ''),
(129, 30, 2, 1, ''),
(129, 30, 3, 1, ''),
(129, 30, 4, 2, ''),
(129, 30, 5, 2, ''),
(129, 30, 6, 1, ''),
(129, 30, 7, 1, ''),
(129, 30, 8, 2, ''),
(129, 30, 9, 2, ''),
(129, 30, 10, 1, ''),
(129, 30, 11, 2, ''),
(129, 30, 12, 1, ''),
(130, 30, 1, 1, ''),
(130, 30, 2, 1, ''),
(130, 30, 3, 1, ''),
(130, 30, 4, 2, ''),
(130, 30, 5, 1, ''),
(130, 30, 6, 1, ''),
(130, 30, 7, 1, ''),
(130, 30, 8, 3, ''),
(130, 30, 9, 1, ''),
(130, 30, 10, 1, ''),
(130, 30, 11, 1, ''),
(130, 30, 12, 1, ''),
(130, 30, 14, 0, 'Caring helpful encouraging knowledgeable'),
(130, 30, 15, 0, 'Class was too short. We should have had 11 weeks'),
(131, 30, 1, 2, ''),
(131, 30, 2, 3, ''),
(131, 30, 3, 3, ''),
(131, 30, 4, 2, ''),
(131, 30, 5, 2, ''),
(131, 30, 6, 1, ''),
(131, 30, 7, 1, ''),
(131, 30, 8, 1, ''),
(131, 30, 9, 1, ''),
(131, 30, 10, 2, ''),
(131, 30, 11, 1, ''),
(131, 30, 12, 1, ''),
(131, 30, 14, 0, 'power-points, answering questions promptly even on weekends, willingness to help'),
(131, 30, 15, 0, 'disconnect from classroom dynamics'),
(132, 30, 1, 1, ''),
(132, 30, 2, 1, ''),
(132, 30, 3, 1, ''),
(132, 30, 4, 1, ''),
(132, 30, 5, 1, ''),
(132, 30, 6, 1, ''),
(132, 30, 7, 1, ''),
(132, 30, 8, 1, ''),
(132, 30, 9, 1, ''),
(132, 30, 10, 1, ''),
(132, 30, 11, 1, ''),
(132, 30, 12, 1, ''),
(132, 30, 13, 0, 'N/A.'),
(132, 30, 14, 0, 'Her ability to communicate with her students.'),
(132, 30, 15, 0, 'Hard to say what her weakness would be.'),
(133, 30, 1, 2, ''),
(133, 30, 2, 1, ''),
(133, 30, 3, 2, ''),
(133, 30, 4, 1, ''),
(133, 30, 5, 1, ''),
(133, 30, 6, 1, ''),
(133, 30, 7, 1, ''),
(133, 30, 8, 1, ''),
(133, 30, 9, 1, ''),
(133, 30, 10, 1, ''),
(133, 30, 11, 1, ''),
(133, 30, 12, 1, ''),
(134, 30, 1, 2, ''),
(134, 30, 2, 1, ''),
(134, 30, 3, 1, ''),
(134, 30, 4, 1, ''),
(134, 30, 5, 1, ''),
(134, 30, 6, 1, ''),
(134, 30, 7, 1, ''),
(134, 30, 8, 1, ''),
(134, 30, 9, 1, ''),
(134, 30, 10, 1, ''),
(134, 30, 11, 1, ''),
(134, 30, 12, 1, ''),
(134, 30, 13, 0, 'When she teach us, every student give concentration on the topic and maintain the respectful environment. She always gives chance to ask questions, feedback, any other concerns.'),
(134, 30, 14, 0, 'She is always ready to help me if I need her help. \r\nShe is always well prepared what she teach us.\r\n \r\nI always prefer her when I am taking class.'),
(134, 30, 15, 0, 'I didn''t see any weakness.'),
(135, 30, 1, 2, ''),
(135, 30, 2, 1, ''),
(135, 30, 3, 3, ''),
(135, 30, 4, 2, ''),
(135, 30, 5, 1, ''),
(135, 30, 6, 1, ''),
(135, 30, 7, 1, ''),
(135, 30, 8, 1, ''),
(135, 30, 9, 2, ''),
(135, 30, 10, 3, ''),
(135, 30, 11, 1, ''),
(135, 30, 12, 1, ''),
(136, 30, 1, 1, ''),
(136, 30, 2, 1, ''),
(136, 30, 3, 1, ''),
(136, 30, 4, 1, ''),
(136, 30, 5, 1, ''),
(136, 30, 6, 1, ''),
(136, 30, 7, 1, ''),
(136, 30, 8, 1, ''),
(136, 30, 9, 1, ''),
(136, 30, 10, 1, ''),
(136, 30, 11, 1, ''),
(136, 30, 12, 1, ''),
(136, 30, 14, 0, 'Instructor is very helpful in class or online. Fast replies to email and discussions.'),
(136, 30, 15, 0, 'N/A');

-- --------------------------------------------------------

--
-- Table structure for table `evaluationCodes`
--

CREATE TABLE IF NOT EXISTS `evaluationCodes` (
  `codeID` int(11) NOT NULL,
  `evaluationID` int(10) NOT NULL,
  `code` varchar(40) COLLATE utf8_unicode_ci NOT NULL,
  `creationDate` timestamp NOT NULL DEFAULT CURRENT_TIMESTAMP,
  `expirationDate` timestamp NOT NULL DEFAULT '0000-00-00 00:00:00',
  `numberAvailable` int(11) NOT NULL DEFAULT '100'
) ENGINE=InnoDB AUTO_INCREMENT=31 DEFAULT CHARSET=utf8 COLLATE=utf8_unicode_ci;

--
-- Dumping data for table `evaluationCodes`
--

INSERT INTO `evaluationCodes` (`codeID`, `evaluationID`, `code`, `creationDate`, `expirationDate`, `numberAvailable`) VALUES
(6, 8, '5737b23f2b71d', '2016-05-14 23:18:23', '2016-05-29 05:00:00', 30),
(7, 9, '5737b28725e2c', '2016-05-14 23:19:35', '2016-05-29 05:00:00', 30),
(8, 10, '573bafd0d12af', '2016-05-17 23:57:04', '2016-05-18 05:00:00', 25),
(9, 11, '573ca5821d528', '2016-05-18 17:25:22', '2016-05-19 05:00:00', 30),
(10, 12, '573d0e54e3ac4', '2016-05-19 00:52:36', '2016-05-19 05:00:00', 30),
(11, 13, '573e36a33d38a', '2016-05-19 21:56:51', '2016-06-10 05:00:00', 50),
(12, 14, '573e6b451ab2d', '2016-05-20 01:41:25', '2016-05-31 05:00:00', 100),
(13, 17, '5750c7380b2dd', '2016-06-02 23:54:32', '2016-06-10 05:00:00', 100),
(14, 18, '5750c741a3ea0', '2016-06-02 23:54:41', '2016-09-09 05:00:00', 100),
(15, 19, '5750c76cf34af', '2016-06-02 23:55:24', '2016-06-10 05:00:00', 100),
(16, 20, '5750c858848cf', '2016-06-02 23:59:20', '2016-09-09 05:00:00', 100),
(17, 21, '5750cdca56bc1', '2016-06-03 00:22:34', '2016-06-08 05:00:00', 100),
(18, 22, '5750e70068154', '2016-06-03 02:10:08', '2016-06-03 05:00:00', 100),
(19, 23, '575300e6c67a4', '2016-06-04 16:25:10', '2016-06-14 05:00:00', 100),
(20, 24, '575624074fd0d', '2016-06-07 01:31:51', '2016-09-09 05:00:00', 100),
(21, 25, '57562432d97af', '2016-06-07 01:32:34', '2016-09-09 05:00:00', 100),
(22, 26, '5756246aa633f', '2016-06-07 01:33:30', '2016-09-09 05:00:00', 100),
(23, 27, '579686f58356d', '2016-07-25 21:39:01', '2016-08-01 05:00:00', 100),
(24, 28, '5797c3b81c618', '2016-07-26 20:10:32', '2016-07-27 05:00:00', 100),
(25, 29, '5798460317ecc', '2016-07-27 05:26:27', '2016-07-31 05:00:00', 100),
(26, 30, '579eab211cd7c', '2016-08-01 01:51:29', '2016-08-16 05:00:00', 100),
(27, 31, '579f7cb7c40f9', '2016-08-01 16:45:43', '0000-00-00 00:00:00', 100),
(28, 32, '579f7cfb33945', '2016-08-01 16:46:51', '2016-09-01 05:00:00', 100),
(29, 33, '579f7cfd02138', '2016-08-01 16:46:53', '2016-09-01 05:00:00', 100),
(30, 34, '579fcbef5598f', '2016-08-01 22:23:43', '2016-08-03 05:00:00', 100);

-- --------------------------------------------------------

--
-- Table structure for table `evaluationInfo`
--

CREATE TABLE IF NOT EXISTS `evaluationInfo` (
  `evaluationID` int(10) NOT NULL,
  `creationDate` timestamp NOT NULL DEFAULT CURRENT_TIMESTAMP,
  `name` varchar(100) COLLATE utf8_unicode_ci NOT NULL,
  `quarter` tinyint(1) NOT NULL,
  `year` int(4) NOT NULL,
  `section` varchar(4) COLLATE utf8_unicode_ci NOT NULL DEFAULT '',
  `notes` varchar(2000) COLLATE utf8_unicode_ci NOT NULL DEFAULT '',
  `userID` int(10) NOT NULL
) ENGINE=InnoDB AUTO_INCREMENT=35 DEFAULT CHARSET=utf8 COLLATE=utf8_unicode_ci;

--
-- Dumping data for table `evaluationInfo`
--

INSERT INTO `evaluationInfo` (`evaluationID`, `creationDate`, `name`, `quarter`, `year`, `section`, `notes`, `userID`) VALUES
(7, '2016-05-14 23:17:43', 'ITfirst', 3, 20152016, '1111', 'this should be the first test in the DB', 4),
(8, '2016-05-14 23:18:23', 'ITfirst', 3, 20152016, '1111', 'this should be the first test in the DB', 4),
(9, '2016-05-14 23:19:35', 'ITfirst', 3, 20152016, '1111', 'this should be the first test in the DB', 4),
(10, '2016-05-17 23:57:04', 'IT 328', 3, 20152016, '', 'Please fill out the following form...', 4),
(11, '2016-05-18 17:25:21', 'IT 201', 3, 20152016, '1024', 'this is the user test for tinas it 201 on wednesday 5/18/2016', 6),
(12, '2016-05-19 00:52:36', 'IT 333', 3, 20152016, '', 'Please enter some anonymous feedback', 4),
(13, '2016-05-19 21:56:51', 'evaluation', 1, 20152016, '', '', 4),
(14, '2016-05-20 01:41:25', 'test class', 2, 20152016, '', '', 4),
(15, '2016-06-02 23:52:45', 'xxx', 1, 20152016, 'sss', '', 4),
(16, '2016-06-02 23:54:03', 'xxx', 1, 20152016, 'sss', '', 4),
(17, '2016-06-02 23:54:32', 'IT 121', 4, 20162017, 'A', 'ntoes', 4),
(18, '2016-06-02 23:54:41', 'xxx', 1, 20152016, 'sss', '', 4),
(19, '2016-06-02 23:55:24', 'IT 121', 4, 20162017, 'A', 'notes', 4),
(20, '2016-06-02 23:59:20', 'test', 1, 20152016, 'xxx', '', 4),
(21, '2016-06-03 00:22:34', 'IT305', 1, 20152016, 'AM', 'This is the 1st web class for the IT Bachelors: Software Development Program.', 4),
(22, '2016-06-03 02:10:08', 'IT 486', 3, 20162017, 'A', 'Please take this evaluation!', 6),
(23, '2016-06-04 16:25:10', 'IT 486', 3, 20162017, 'A', 'Take two.', 6),
(24, '2016-06-07 01:31:51', 'test', 3, 20152016, 'xx', '', 4),
(25, '2016-06-07 01:32:34', 'xxx', 1, 20162017, 'xx', '', 4),
(26, '2016-06-07 01:33:30', 'xxx', 1, 20162017, 'xx', '', 4),
(27, '2016-07-25 21:39:01', 'IT102', 4, 20152016, '4671', '', 8),
(28, '2016-07-26 20:10:32', 'IT 121', 4, 20152016, '4689', '', 9),
(29, '2016-07-27 05:26:26', 'IT 121', 4, 20152016, '4686', '', 9),
(30, '2016-08-01 01:51:28', 'IT 355 - Agile Development Methods', 4, 20162017, 'A', '', 6),
(31, '2016-08-01 16:45:43', 'IT360', 4, 20162017, '1111', '', 11),
(32, '2016-08-01 16:46:51', 'IT360', 4, 20152016, '1111', '', 11),
(33, '2016-08-01 16:46:52', 'it 555', 4, 20162017, '1111', '', 6),
(34, '2016-08-01 22:23:43', 'IT 121 ', 4, 20152016, '4691', '', 7);

-- --------------------------------------------------------

--
-- Table structure for table `evaluationQuestions`
--

CREATE TABLE IF NOT EXISTS `evaluationQuestions` (
  `evaluationID` int(10) NOT NULL,
  `questionID` int(10) NOT NULL
) ENGINE=InnoDB DEFAULT CHARSET=utf8 COLLATE=utf8_unicode_ci;

--
-- Dumping data for table `evaluationQuestions`
--

INSERT INTO `evaluationQuestions` (`evaluationID`, `questionID`) VALUES
(8, 1),
(8, 2),
(8, 3),
(8, 4),
(8, 5),
(8, 6),
(8, 7),
(8, 8),
(8, 9),
(8, 10),
(8, 11),
(8, 12),
(8, 13),
(8, 14),
(8, 15),
(9, 1),
(9, 2),
(9, 3),
(9, 4),
(9, 5),
(9, 6),
(9, 7),
(9, 8),
(9, 9),
(9, 10),
(9, 11),
(9, 12),
(9, 13),
(9, 14),
(9, 15),
(10, 1),
(10, 2),
(10, 3),
(10, 4),
(10, 5),
(10, 6),
(10, 7),
(10, 8),
(10, 9),
(10, 10),
(10, 11),
(10, 12),
(10, 13),
(10, 14),
(10, 15),
(11, 1),
(11, 2),
(11, 3),
(11, 4),
(11, 5),
(11, 6),
(11, 7),
(11, 8),
(11, 9),
(11, 10),
(11, 11),
(11, 12),
(11, 13),
(11, 14),
(11, 15),
(12, 1),
(12, 2),
(12, 3),
(12, 4),
(12, 5),
(12, 6),
(12, 7),
(12, 8),
(12, 9),
(12, 10),
(12, 11),
(12, 12),
(12, 13),
(12, 14),
(12, 15),
(13, 1),
(13, 2),
(13, 3),
(13, 4),
(13, 5),
(13, 6),
(13, 7),
(13, 8),
(13, 9),
(13, 10),
(13, 11),
(13, 12),
(13, 13),
(13, 14),
(13, 15),
(14, 1),
(14, 2),
(14, 3),
(14, 4),
(14, 5),
(14, 6),
(14, 7),
(14, 8),
(14, 9),
(14, 10),
(14, 11),
(14, 12),
(14, 13),
(14, 14),
(14, 15),
(15, 1),
(15, 2),
(15, 3),
(15, 4),
(15, 5),
(15, 6),
(15, 7),
(15, 8),
(15, 9),
(15, 10),
(15, 11),
(15, 12),
(15, 13),
(15, 14),
(15, 15),
(16, 1),
(16, 2),
(16, 3),
(16, 4),
(16, 5),
(16, 6),
(16, 7),
(16, 8),
(16, 9),
(16, 10),
(16, 11),
(16, 12),
(16, 13),
(16, 14),
(16, 15),
(17, 1),
(17, 2),
(17, 3),
(17, 4),
(17, 5),
(17, 6),
(17, 7),
(17, 8),
(17, 9),
(17, 10),
(17, 11),
(17, 12),
(17, 13),
(17, 14),
(17, 15),
(18, 1),
(18, 2),
(18, 3),
(18, 4),
(18, 5),
(18, 6),
(18, 7),
(18, 8),
(18, 9),
(18, 10),
(18, 11),
(18, 12),
(18, 13),
(18, 14),
(18, 15),
(19, 1),
(19, 2),
(19, 3),
(19, 4),
(19, 5),
(19, 6),
(19, 7),
(19, 8),
(19, 9),
(19, 10),
(19, 11),
(19, 12),
(19, 13),
(19, 14),
(19, 15),
(20, 1),
(20, 2),
(20, 3),
(20, 4),
(20, 5),
(20, 6),
(20, 7),
(20, 8),
(20, 9),
(20, 10),
(20, 11),
(20, 12),
(20, 13),
(20, 14),
(20, 15),
(21, 1),
(21, 2),
(21, 3),
(21, 4),
(21, 5),
(21, 6),
(21, 7),
(21, 8),
(21, 9),
(21, 10),
(21, 11),
(21, 12),
(21, 13),
(21, 14),
(21, 15),
(22, 1),
(22, 2),
(22, 3),
(22, 4),
(22, 5),
(22, 6),
(22, 7),
(22, 8),
(22, 9),
(22, 10),
(22, 11),
(22, 12),
(22, 13),
(22, 14),
(22, 15),
(23, 1),
(23, 2),
(23, 3),
(23, 4),
(23, 5),
(23, 6),
(23, 7),
(23, 8),
(23, 9),
(23, 10),
(23, 11),
(23, 12),
(23, 13),
(23, 14),
(23, 15),
(24, 1),
(24, 2),
(24, 3),
(24, 4),
(24, 5),
(24, 6),
(24, 7),
(24, 8),
(24, 9),
(24, 10),
(24, 11),
(24, 12),
(24, 13),
(24, 14),
(24, 15),
(25, 1),
(25, 2),
(25, 3),
(25, 4),
(25, 5),
(25, 6),
(25, 7),
(25, 8),
(25, 9),
(25, 10),
(25, 11),
(25, 12),
(25, 13),
(25, 14),
(25, 15),
(26, 1),
(26, 2),
(26, 3),
(26, 4),
(26, 5),
(26, 6),
(26, 7),
(26, 8),
(26, 9),
(26, 10),
(26, 11),
(26, 12),
(26, 13),
(26, 14),
(26, 15),
(27, 1),
(27, 2),
(27, 3),
(27, 4),
(27, 5),
(27, 6),
(27, 7),
(27, 8),
(27, 9),
(27, 10),
(27, 11),
(27, 12),
(27, 13),
(27, 14),
(27, 15),
(28, 1),
(28, 2),
(28, 3),
(28, 4),
(28, 5),
(28, 6),
(28, 7),
(28, 8),
(28, 9),
(28, 10),
(28, 11),
(28, 12),
(28, 13),
(28, 14),
(28, 15),
(29, 1),
(29, 2),
(29, 3),
(29, 4),
(29, 5),
(29, 6),
(29, 7),
(29, 8),
(29, 9),
(29, 10),
(29, 11),
(29, 12),
(29, 13),
(29, 14),
(29, 15),
(30, 1),
(30, 2),
(30, 3),
(30, 4),
(30, 5),
(30, 6),
(30, 7),
(30, 8),
(30, 9),
(30, 10),
(30, 11),
(30, 12),
(30, 13),
(30, 14),
(30, 15),
(31, 1),
(31, 2),
(31, 3),
(31, 4),
(31, 5),
(31, 6),
(31, 7),
(31, 8),
(31, 9),
(31, 10),
(31, 11),
(31, 12),
(31, 13),
(31, 14),
(31, 15),
(32, 1),
(32, 2),
(32, 3),
(32, 4),
(32, 5),
(32, 6),
(32, 7),
(32, 8),
(32, 9),
(32, 10),
(32, 11),
(32, 12),
(32, 13),
(32, 14),
(32, 15),
(33, 1),
(33, 2),
(33, 3),
(33, 4),
(33, 5),
(33, 6),
(33, 7),
(33, 8),
(33, 9),
(33, 10),
(33, 11),
(33, 12),
(33, 13),
(33, 14),
(33, 15),
(34, 1),
(34, 2),
(34, 3),
(34, 4),
(34, 5),
(34, 6),
(34, 7),
(34, 8),
(34, 9),
(34, 10),
(34, 11),
(34, 12),
(34, 13),
(34, 14),
(34, 15);

-- --------------------------------------------------------

--
-- Table structure for table `permissions`
--

CREATE TABLE IF NOT EXISTS `permissions` (
  `permissionID` int(10) NOT NULL,
  `permissionName` varchar(30) COLLATE utf8_unicode_ci NOT NULL
) ENGINE=InnoDB AUTO_INCREMENT=4 DEFAULT CHARSET=utf8 COLLATE=utf8_unicode_ci;

--
-- Dumping data for table `permissions`
--

INSERT INTO `permissions` (`permissionID`, `permissionName`) VALUES
(2, 'Administrator'),
(3, 'GlobalAdministrator'),
(1, 'Instructor');

-- --------------------------------------------------------

--
-- Table structure for table `questions`
--

CREATE TABLE IF NOT EXISTS `questions` (
  `questionID` int(10) NOT NULL,
  `questionText` varchar(500) COLLATE utf8_unicode_ci NOT NULL,
  `isFillIn` tinyint(1) NOT NULL DEFAULT '0'
) ENGINE=InnoDB AUTO_INCREMENT=16 DEFAULT CHARSET=utf8 COLLATE=utf8_unicode_ci;

--
-- Dumping data for table `questions`
--

INSERT INTO `questions` (`questionID`, `questionText`, `isFillIn`) VALUES
(1, 'The evaluation tools (such as exams, projects, homework, labs, etc.) closely relate to the course material covered in this class.', 0),
(2, 'The assignments and deadlines were clearly stated.', 0),
(3, 'The instructor was consistent in his/her grading policies.', 0),
(4, 'The instructor provided clear and understandable course information and requirements.', 0),
(5, 'If I were taking another course in this subject area, I would be willing to take the course from this instructor.', 0),
(6, 'The instructor gave students the opportunity to ask questions.', 0),
(7, 'The instructor was prompt in coming to class. ', 0),
(8, 'The instructor made good use of class time.', 0),
(9, 'The instructor seemed well prepared for class.', 0),
(10, 'The instructor provided timely and helpful feedback regarding my progress.', 0),
(11, 'The instructor provided a respectful environment for learning.', 0),
(12, 'When I needed help outside of class time, my instructor has been responsive by email, phone, or in person.', 0),
(13, 'Please comment on any of the multiple choice questions that you responded to with ''Rarely'' or ''Almost never''', 1),
(14, 'What do you see are the instructor''s strengths?', 1),
(15, 'What do you see are the instructor''s weaknesses?', 1);

-- --------------------------------------------------------

--
-- Table structure for table `usedEvaluationCodes`
--

CREATE TABLE IF NOT EXISTS `usedEvaluationCodes` (
  `codeID` int(11) NOT NULL,
  `instanceID` int(10) NOT NULL,
  `startTime` timestamp NOT NULL DEFAULT CURRENT_TIMESTAMP,
  `submitTime` timestamp NULL DEFAULT NULL,
  `evaluationID` int(10) NOT NULL
) ENGINE=InnoDB AUTO_INCREMENT=138 DEFAULT CHARSET=utf8 COLLATE=utf8_unicode_ci;

--
-- Dumping data for table `usedEvaluationCodes`
--

INSERT INTO `usedEvaluationCodes` (`codeID`, `instanceID`, `startTime`, `submitTime`, `evaluationID`) VALUES
(6, 22, '2016-05-14 23:18:44', NULL, 8),
(6, 23, '2016-05-14 23:25:20', NULL, 8),
(8, 24, '2016-05-17 23:57:12', NULL, 10),
(8, 25, '2016-05-17 23:58:15', NULL, 10),
(8, 26, '2016-05-18 00:23:53', NULL, 10),
(8, 27, '2016-05-18 01:05:47', NULL, 10),
(8, 28, '2016-05-18 01:17:56', NULL, 10),
(8, 29, '2016-05-18 02:20:19', NULL, 10),
(8, 30, '2016-05-18 03:46:34', NULL, 10),
(8, 31, '2016-05-18 03:46:37', NULL, 10),
(8, 32, '2016-05-18 03:47:01', NULL, 10),
(8, 33, '2016-05-18 03:47:39', NULL, 10),
(8, 34, '2016-05-18 03:47:44', NULL, 10),
(8, 35, '2016-05-18 03:47:55', NULL, 10),
(8, 36, '2016-05-18 03:47:56', NULL, 10),
(8, 37, '2016-05-18 03:48:09', NULL, 10),
(8, 38, '2016-05-18 03:48:44', NULL, 10),
(8, 39, '2016-05-18 03:48:46', NULL, 10),
(8, 40, '2016-05-18 03:48:58', NULL, 10),
(8, 41, '2016-05-18 03:49:19', NULL, 10),
(8, 42, '2016-05-18 03:50:06', NULL, 10),
(8, 43, '2016-05-18 04:13:52', NULL, 10),
(8, 44, '2016-05-18 04:34:32', NULL, 10),
(9, 45, '2016-05-18 17:27:29', NULL, 11),
(9, 46, '2016-05-18 17:27:30', NULL, 11),
(9, 47, '2016-05-18 17:27:34', NULL, 11),
(9, 48, '2016-05-18 17:27:47', NULL, 11),
(9, 49, '2016-05-18 17:27:50', NULL, 11),
(9, 50, '2016-05-18 17:28:05', NULL, 11),
(9, 51, '2016-05-18 17:28:08', NULL, 11),
(9, 52, '2016-05-18 17:28:09', NULL, 11),
(9, 53, '2016-05-18 17:28:09', NULL, 11),
(9, 54, '2016-05-18 17:28:12', NULL, 11),
(9, 55, '2016-05-18 17:28:13', NULL, 11),
(9, 56, '2016-05-18 17:28:18', NULL, 11),
(9, 57, '2016-05-18 17:28:18', NULL, 11),
(9, 58, '2016-05-18 17:28:19', NULL, 11),
(9, 59, '2016-05-18 17:28:25', NULL, 11),
(9, 60, '2016-05-18 17:28:43', NULL, 11),
(9, 61, '2016-05-18 17:29:08', NULL, 11),
(9, 62, '2016-05-18 17:29:20', NULL, 11),
(9, 63, '2016-05-18 17:29:21', NULL, 11),
(9, 64, '2016-05-18 17:31:15', NULL, 11),
(10, 65, '2016-05-19 01:30:41', NULL, 12),
(10, 66, '2016-05-19 01:31:42', NULL, 12),
(10, 67, '2016-05-19 01:31:46', NULL, 12),
(10, 68, '2016-05-19 01:31:52', NULL, 12),
(10, 69, '2016-05-19 01:31:52', NULL, 12),
(10, 70, '2016-05-19 01:31:57', NULL, 12),
(10, 71, '2016-05-19 01:32:13', NULL, 12),
(10, 72, '2016-05-19 01:32:30', NULL, 12),
(10, 73, '2016-05-19 01:32:32', NULL, 12),
(10, 74, '2016-05-19 01:32:52', NULL, 12),
(10, 75, '2016-05-19 01:33:05', NULL, 12),
(10, 76, '2016-05-19 01:33:35', NULL, 12),
(10, 77, '2016-05-19 01:33:50', NULL, 12),
(10, 78, '2016-05-19 01:33:58', NULL, 12),
(10, 79, '2016-05-19 01:37:19', NULL, 12),
(10, 80, '2016-05-19 01:41:46', NULL, 12),
(10, 81, '2016-05-19 01:42:24', NULL, 12),
(10, 82, '2016-05-19 02:54:21', NULL, 12),
(11, 83, '2016-05-19 21:57:38', NULL, 13),
(12, 84, '2016-05-20 01:41:54', NULL, 14),
(12, 85, '2016-05-20 01:43:56', NULL, 14),
(12, 86, '2016-05-20 01:44:48', NULL, 14),
(14, 87, '2016-06-02 23:55:00', NULL, 18),
(17, 88, '2016-06-03 00:23:30', NULL, 21),
(17, 89, '2016-06-03 01:32:13', NULL, 21),
(17, 90, '2016-06-03 01:32:51', NULL, 21),
(16, 91, '2016-06-03 01:34:45', NULL, 20),
(16, 92, '2016-06-03 01:35:08', NULL, 20),
(16, 93, '2016-06-03 01:35:38', NULL, 20),
(16, 94, '2016-06-03 01:36:39', NULL, 20),
(16, 95, '2016-06-03 01:36:58', NULL, 20),
(17, 96, '2016-06-03 01:44:22', NULL, 21),
(16, 97, '2016-06-03 01:58:48', NULL, 20),
(16, 98, '2016-06-03 02:07:58', NULL, 20),
(16, 99, '2016-06-03 02:12:19', NULL, 20),
(16, 100, '2016-06-03 02:16:00', NULL, 20),
(18, 101, '2016-06-03 02:18:44', NULL, 22),
(18, 102, '2016-06-03 02:26:56', NULL, 22),
(18, 103, '2016-06-03 02:31:47', NULL, 22),
(18, 104, '2016-06-03 02:48:00', NULL, 22),
(19, 105, '2016-06-04 17:03:40', NULL, 23),
(19, 106, '2016-06-07 02:27:11', NULL, 23),
(19, 107, '2016-06-07 05:08:07', NULL, 23),
(11, 108, '2016-06-09 23:39:02', NULL, 13),
(23, 109, '2016-07-26 00:52:06', NULL, 27),
(24, 110, '2016-07-26 20:10:43', NULL, 28),
(25, 111, '2016-07-27 18:26:45', NULL, 29),
(25, 112, '2016-07-28 00:53:59', NULL, 29),
(23, 113, '2016-07-28 01:01:22', NULL, 27),
(23, 114, '2016-07-28 01:01:40', NULL, 27),
(25, 115, '2016-07-28 04:32:23', NULL, 29),
(25, 116, '2016-07-28 18:49:32', NULL, 29),
(25, 117, '2016-07-28 19:50:13', NULL, 29),
(25, 118, '2016-07-29 04:46:25', NULL, 29),
(25, 119, '2016-07-30 04:39:02', NULL, 29),
(23, 120, '2016-07-31 05:42:12', NULL, 27),
(28, 121, '2016-08-01 16:47:01', NULL, 32),
(29, 122, '2016-08-01 16:47:11', NULL, 33),
(30, 123, '2016-08-01 22:24:03', NULL, 34),
(30, 124, '2016-08-01 22:25:18', NULL, 34),
(30, 125, '2016-08-02 00:51:36', NULL, 34),
(30, 126, '2016-08-02 01:16:07', NULL, 34),
(30, 127, '2016-08-02 02:13:16', NULL, 34),
(26, 128, '2016-08-09 02:38:26', NULL, 30),
(26, 129, '2016-08-10 00:16:23', NULL, 30),
(26, 130, '2016-08-10 17:20:58', NULL, 30),
(26, 131, '2016-08-11 01:40:13', NULL, 30),
(26, 132, '2016-08-11 02:08:13', NULL, 30),
(26, 133, '2016-08-14 03:05:08', NULL, 30),
(26, 134, '2016-08-14 07:19:57', NULL, 30),
(26, 135, '2016-08-14 11:32:17', NULL, 30),
(26, 136, '2016-08-15 07:01:00', NULL, 30),
(26, 137, '2016-08-15 18:28:28', NULL, 30);

-- --------------------------------------------------------

--
-- Table structure for table `userPermissions`
--

CREATE TABLE IF NOT EXISTS `userPermissions` (
  `userID` int(10) NOT NULL,
  `permissionID` int(10) NOT NULL
) ENGINE=InnoDB DEFAULT CHARSET=utf8 COLLATE=utf8_unicode_ci;

--
-- Dumping data for table `userPermissions`
--

INSERT INTO `userPermissions` (`userID`, `permissionID`) VALUES
(4, 1),
(5, 1),
(5, 2),
(6, 2),
(6, 1),
(7, 1),
(8, 1),
(9, 1),
(11, 1);

-- --------------------------------------------------------

--
-- Table structure for table `users`
--

CREATE TABLE IF NOT EXISTS `users` (
  `userID` int(10) NOT NULL,
  `firstName` varchar(50) COLLATE utf8_unicode_ci NOT NULL,
  `lastName` varchar(50) COLLATE utf8_unicode_ci NOT NULL,
  `username` varchar(50) COLLATE utf8_unicode_ci NOT NULL,
  `emailAddress` varchar(70) COLLATE utf8_unicode_ci NOT NULL,
  `password` varchar(255) COLLATE utf8_unicode_ci NOT NULL,
  `invalidAttempts` int(2) NOT NULL DEFAULT '0',
  `lastAttemptDate` timestamp NULL DEFAULT NULL ON UPDATE CURRENT_TIMESTAMP,
  `lastSuccessfulDate` timestamp NULL DEFAULT NULL,
  `passwordResetURL` varchar(60) COLLATE utf8_unicode_ci DEFAULT NULL,
  `passwordResetURLExpiration` timestamp NULL DEFAULT NULL,
  `resetPassword` int(1) NOT NULL DEFAULT '0',
  `locked` int(1) NOT NULL DEFAULT '0',
  `disabled` int(1) NOT NULL DEFAULT '0'
) ENGINE=InnoDB AUTO_INCREMENT=12 DEFAULT CHARSET=utf8 COLLATE=utf8_unicode_ci;

--
-- Dumping data for table `users`
--

INSERT INTO `users` (`userID`, `firstName`, `lastName`, `username`, `emailAddress`, `password`, `invalidAttempts`, `lastAttemptDate`, `lastSuccessfulDate`, `passwordResetURL`, `passwordResetURLExpiration`, `resetPassword`, `locked`, `disabled`) VALUES
(1, 'Craig', 'Koch', 'CraigKoch', 'prime66@hotmail.com', 'Ck775677', 0, NULL, NULL, NULL, NULL, 0, 0, 0),
(4, 'Evaluation', 'User', 'evaluations', 'evaluations@greenriver.edu', '$2y$10$v0YxlMPe5.k.XbyOBfjv/.SRVC/g3Z/y9ma22UjfGy1J/Ox9gtlxe', 1, '2016-09-27 01:33:07', '2016-06-10 00:42:51', NULL, NULL, 0, 0, 0),
(5, 'Josh', 'Archer', 'jarcher', 'jarcher@greenriver.edu', '$2y$10$mSRhF1T4WMHiMklxehkfZu/F4gzce7H1iJlxhSVqjv7YludA0w/YS', 0, '2016-06-03 00:24:00', '2016-05-19 23:25:45', NULL, NULL, 0, 0, 0),
(6, 'Tina', 'Ostrander', 'tostrander', 'tostrander@greenriver.edu', '$2y$10$ccgb/SDRpxrt22X81Tl5mej27vjHDO9xp9j6AstnzSKfy3agyKqKa', 0, '2016-08-15 06:25:35', '2016-08-15 06:25:35', NULL, NULL, 0, 0, 0),
(7, 'Shristhy', 'Naidu', 'snaidu', 'snaidu@greenriver.edu', '$2y$10$wnS2Hh8lhOc6pp/3AVev.e1BF2JrZ0fi096Zphzlpky3mYBk8THI6', 0, '2016-08-01 22:11:35', '2016-08-01 22:11:35', NULL, NULL, 0, 0, 0),
(8, 'Alex', 'Kwon', 'akwon', 'akwon@greenriver.edu', '$2y$10$S6z.zbtyXMgPeFxc6we4/O/0Fx.q.8HjyDKxEoXAqfhGJgMcqaTlS', 0, '2016-07-25 21:36:21', '2016-07-25 21:36:21', NULL, NULL, 0, 0, 0),
(9, 'Melissa', 'Curry', 'mcurry', 'mcurry@greenriver.edu', '$2y$10$MVLrJxBE2ZWMGMkiYHdPheVFrPSWLkcmhIvWoQvJybnKfuHFGn.iu', 0, '2016-07-26 20:06:57', '2016-07-26 20:06:57', NULL, NULL, 0, 0, 0),
(11, 'Krish', 'Mahadevan', 'kmahadevan', 'kmahadevan@greenriver.edu', '$2y$10$vQdSlIepbH.nJmk.QS8POubLOQwInlGDTWy1TzYQDj6m.78sZg1aS', 0, '2016-08-01 16:44:06', '2016-08-01 16:44:06', NULL, NULL, 0, 0, 0);

--
-- Indexes for dumped tables
--

--
-- Indexes for table `evaluationAnswers`
--
ALTER TABLE `evaluationAnswers`
  ADD KEY `instanceID` (`instanceID`), ADD KEY `evaluationID` (`evaluationID`), ADD KEY `questionID` (`questionID`);

--
-- Indexes for table `evaluationCodes`
--
ALTER TABLE `evaluationCodes`
  ADD PRIMARY KEY (`codeID`), ADD UNIQUE KEY `code` (`code`), ADD KEY `evaluationID` (`evaluationID`);

--
-- Indexes for table `evaluationInfo`
--
ALTER TABLE `evaluationInfo`
  ADD PRIMARY KEY (`evaluationID`), ADD KEY `userID` (`userID`);

--
-- Indexes for table `evaluationQuestions`
--
ALTER TABLE `evaluationQuestions`
  ADD KEY `evaluationID` (`evaluationID`), ADD KEY `questionID` (`questionID`);

--
-- Indexes for table `permissions`
--
ALTER TABLE `permissions`
  ADD PRIMARY KEY (`permissionID`), ADD UNIQUE KEY `permissionName` (`permissionName`);

--
-- Indexes for table `questions`
--
ALTER TABLE `questions`
  ADD PRIMARY KEY (`questionID`);

--
-- Indexes for table `usedEvaluationCodes`
--
ALTER TABLE `usedEvaluationCodes`
  ADD PRIMARY KEY (`instanceID`), ADD KEY `codeID` (`codeID`), ADD KEY `evaluationID` (`evaluationID`);

--
-- Indexes for table `userPermissions`
--
ALTER TABLE `userPermissions`
  ADD KEY `userID` (`userID`), ADD KEY `permissionID` (`permissionID`);

--
-- Indexes for table `users`
--
ALTER TABLE `users`
  ADD PRIMARY KEY (`userID`);

--
-- AUTO_INCREMENT for dumped tables
--

--
-- AUTO_INCREMENT for table `evaluationCodes`
--
ALTER TABLE `evaluationCodes`
  MODIFY `codeID` int(11) NOT NULL AUTO_INCREMENT,AUTO_INCREMENT=31;
--
-- AUTO_INCREMENT for table `evaluationInfo`
--
ALTER TABLE `evaluationInfo`
  MODIFY `evaluationID` int(10) NOT NULL AUTO_INCREMENT,AUTO_INCREMENT=35;
--
-- AUTO_INCREMENT for table `permissions`
--
ALTER TABLE `permissions`
  MODIFY `permissionID` int(10) NOT NULL AUTO_INCREMENT,AUTO_INCREMENT=4;
--
-- AUTO_INCREMENT for table `questions`
--
ALTER TABLE `questions`
  MODIFY `questionID` int(10) NOT NULL AUTO_INCREMENT,AUTO_INCREMENT=16;
--
-- AUTO_INCREMENT for table `usedEvaluationCodes`
--
ALTER TABLE `usedEvaluationCodes`
  MODIFY `instanceID` int(10) NOT NULL AUTO_INCREMENT,AUTO_INCREMENT=138;
--
-- AUTO_INCREMENT for table `users`
--
ALTER TABLE `users`
  MODIFY `userID` int(10) NOT NULL AUTO_INCREMENT,AUTO_INCREMENT=12;
--
-- Constraints for dumped tables
--

--
-- Constraints for table `evaluationAnswers`
--
ALTER TABLE `evaluationAnswers`
ADD CONSTRAINT `evaluationAnswers_ibfk_1` FOREIGN KEY (`instanceID`) REFERENCES `usedEvaluationCodes` (`instanceID`) ON DELETE NO ACTION ON UPDATE CASCADE,
ADD CONSTRAINT `evaluationAnswers_ibfk_2` FOREIGN KEY (`questionID`) REFERENCES `questions` (`questionID`) ON DELETE NO ACTION ON UPDATE CASCADE,
ADD CONSTRAINT `evaluationAnswers_ibfk_3` FOREIGN KEY (`evaluationID`) REFERENCES `evaluationInfo` (`evaluationID`) ON DELETE NO ACTION ON UPDATE CASCADE;

--
-- Constraints for table `evaluationCodes`
--
ALTER TABLE `evaluationCodes`
ADD CONSTRAINT `evaluationCodes_ibfk_1` FOREIGN KEY (`evaluationID`) REFERENCES `evaluationInfo` (`evaluationID`) ON DELETE NO ACTION ON UPDATE CASCADE;

--
-- Constraints for table `evaluationInfo`
--
ALTER TABLE `evaluationInfo`
ADD CONSTRAINT `evaluationInfo_ibfk_1` FOREIGN KEY (`userID`) REFERENCES `users` (`userID`);

--
-- Constraints for table `evaluationQuestions`
--
ALTER TABLE `evaluationQuestions`
ADD CONSTRAINT `evaluationQuestions_ibfk_1` FOREIGN KEY (`evaluationID`) REFERENCES `evaluationInfo` (`evaluationID`) ON DELETE CASCADE ON UPDATE CASCADE,
ADD CONSTRAINT `evaluationQuestions_ibfk_2` FOREIGN KEY (`questionID`) REFERENCES `questions` (`questionID`) ON DELETE NO ACTION ON UPDATE CASCADE;

--
-- Constraints for table `usedEvaluationCodes`
--
ALTER TABLE `usedEvaluationCodes`
ADD CONSTRAINT `usedEvaluationCodes_ibfk_1` FOREIGN KEY (`codeID`) REFERENCES `evaluationCodes` (`codeID`) ON DELETE NO ACTION ON UPDATE CASCADE,
ADD CONSTRAINT `usedEvaluationCodes_ibfk_3` FOREIGN KEY (`evaluationID`) REFERENCES `evaluationInfo` (`evaluationID`) ON DELETE NO ACTION ON UPDATE CASCADE;

--
-- Constraints for table `userPermissions`
--
ALTER TABLE `userPermissions`
ADD CONSTRAINT `userPermissions_ibfk_1` FOREIGN KEY (`userID`) REFERENCES `users` (`userID`),
ADD CONSTRAINT `userPermissions_ibfk_2` FOREIGN KEY (`permissionID`) REFERENCES `permissions` (`permissionID`);

/*!40101 SET CHARACTER_SET_CLIENT=@OLD_CHARACTER_SET_CLIENT */;
/*!40101 SET CHARACTER_SET_RESULTS=@OLD_CHARACTER_SET_RESULTS */;
/*!40101 SET COLLATION_CONNECTION=@OLD_COLLATION_CONNECTION */;
